{"train/loss": 0.8151, "train/learning_rate": 1.5294117647058826e-05, "train/epoch": 2.0, "train/global_step": 180, "_timestamp": 1675748156.7079296, "_runtime": 214.98335766792297, "_step": 4, "eval/loss": 0.6218071579933167, "eval/runtime": 5.6885, "eval/samples_per_second": 27.951, "eval/steps_per_second": 1.758, "train/train_runtime": 216.1247, "train/train_samples_per_second": 13.215, "train/train_steps_per_second": 0.833, "train/total_flos": 746250043392000.0, "train/train_loss": 1.4324609968397353, "_wandb": {"runtime": 219}}