{"train/loss": 0.706, "train/learning_rate": 5.7142857142857145e-06, "train/epoch": 4.0, "train/global_step": 360, "_timestamp": 1675749060.6512988, "_runtime": 417.1444716453552, "_step": 9, "eval/loss": 0.6050286293029785, "eval/runtime": 5.5888, "eval/samples_per_second": 28.45, "eval/steps_per_second": 1.789, "train/train_runtime": 418.4177, "train/train_samples_per_second": 13.651, "train/train_steps_per_second": 0.86, "train/total_flos": 1492500086784000.0, "train/train_loss": 1.0366964446173774, "_wandb": {"runtime": 422}}