{"objective/kl": 3.039741277694702, "objective/kl_dist": [{"_type": "histogram", "values": [1, 0, 0, 0, 1, 0, 0, 0, 0, 0, 0, 0, 0, 0, 0, 0, 0, 3, 8, 15, 3, 4, 2, 1, 2, 0, 0, 0, 0, 0, 1, 1], "bins": [-3.281118392944336, -3.110975742340088, -2.94083309173584, -2.770690679550171, -2.600548028945923, -2.430405378341675, -2.260262966156006, -2.090120315551758, -1.9199776649475098, -1.7498350143432617, -1.5796924829483032, -1.4095499515533447, -1.2394073009490967, -1.0692646503448486, -0.8991221189498901, -0.7289795279502869, -0.5588369369506836, -0.3886943459510803, -0.21855175495147705, -0.04840916395187378, 0.12173342704772949, 0.29187601804733276, 0.46201860904693604, 0.6321612000465393, 0.8023037910461426, 0.9724463820457458, 1.1425889730453491, 1.3127315044403076, 1.4828741550445557, 1.6530168056488037, 1.8231593370437622, 1.9933018684387207, 2.1634445190429688]}, {"_type": "histogram", "values": [1, 1, 1, 0, 0, 4, 6, 3, 8, 2, 3, 0, 0, 0, 0, 1, 0, 0, 1, 0, 0, 0, 1, 0, 0, 0, 0, 0, 0, 0, 0, 1], "bins": [-0.9974253177642822, -0.8805429339408875, -0.7636605501174927, -0.6467781662940979, -0.5298957824707031, -0.41301336884498596, -0.2961309552192688, -0.17924857139587402, -0.06236618757247925, 0.054516203701496124, 0.1713985949754715, 0.28828099370002747, 0.40516337752342224, 0.5220457911491394, 0.6389281749725342, 0.755810558795929, 0.8726929426193237, 0.9895753264427185, 1.1064577102661133, 1.2233401536941528, 1.3402224779129028, 1.4571049213409424, 1.5739872455596924, 1.690869688987732, 1.8077521324157715, 1.9246344566345215, 2.0415167808532715, 2.1583993434906006, 2.2752816677093506, 2.3921639919281006, 2.5090463161468506, 2.6259288787841797, 2.7428112030029297]}, {"_type": "histogram", "values": [2, 0, 0, 0, 0, 1, 0, 0, 1, 0, 2, 7, 14, 6, 0, 2, 2, 0, 0, 0, 1, 0, 0, 0, 0, 0, 0, 1, 0, 0, 0, 1], "bins": [-2.902517557144165, -2.6717207431793213, -2.4409239292144775, -2.210127115249634, -1.97933030128479, -1.7485334873199463, -1.5177366733551025, -1.2869398593902588, -1.056143045425415, -0.8253461718559265, -0.5945493578910828, -0.3637525141239166, -0.13295570015907288, 0.09784112125635147, 0.328637957572937, 0.5594347715377808, 0.7902315855026245, 1.0210283994674683, 1.251825213432312, 1.4826220273971558, 1.7134188413619995, 1.9442156553268433, 2.1750125885009766, 2.4058094024658203, 2.636606216430664, 2.867403030395508, 3.0981998443603516, 3.3289966583251953, 3.559793472290039, 3.790590286254883, 4.021387100219727, 4.25218391418457, 4.482980728149414]}, [-0.7052936553955078, 0.01312255859375, -0.1914682388305664, -0.0046443939208984375, 0.05704689025878906, -0.3008852005004883, 0.18190431594848633, -0.2097005844116211, -0.18839764595031738, 0.18174517154693604, 0.37561702728271484, -0.5681858062744141, -0.1502247452735901, 1.577077865600586, 1.2613563537597656, -0.012268280610442162, 0.6042056083679199, 3.6214141845703125, -0.011831287294626236, 0.44391965866088867, -0.6103436946868896, -0.011776082217693329, 0.041610389947891235, -0.17662018537521362, -0.4890163838863373, -0.04424867779016495, -0.09746408462524414, -1.2147111892700195, -0.034249916672706604, 0.5638008117675781, 1.296381950378418, -0.0032687485218048096]], "objective/logprobs": [{"_type": "histogram", "values": [1, 0, 0, 1, 1, 0, 0, 0, 0, 0, 0, 0, 0, 0, 0, 0, 0, 1, 1, 1, 0, 1, 0, 0, 0, 1, 4, 4, 5, 4, 2, 15], "bins": [-14.893472671508789, -14.428058624267578, -13.962644577026367, -13.49722957611084, -13.031815528869629, -12.566401481628418, -12.100987434387207, -11.635573387145996, -11.170158386230469, -10.704744338989258, -10.239330291748047, -9.773916244506836, -9.308502197265625, -8.843087196350098, -8.377673149108887, -7.912259101867676, -7.446845054626465, -6.981430530548096, -6.516016483306885, -6.050602436065674, -5.585187911987305, -5.119773864746094, -4.654359340667725, -4.188945293426514, -3.7235310077667236, -3.2581167221069336, -2.7927026748657227, -2.3272883892059326, -1.8618741035461426, -1.396459937095642, -0.931045651435852, -0.4656313955783844, -0.00021717573690693825]}, {"_type": "histogram", "values": [1, 0, 1, 0, 0, 0, 0, 0, 0, 1, 0, 0, 1, 0, 1, 1, 1, 0, 0, 0, 0, 1, 1, 0, 3, 1, 3, 1, 0, 3, 3, 10], "bins": [-23.850786209106445, -23.105449676513672, -22.3601131439209, -21.614774703979492, -20.86943817138672, -20.124101638793945, -19.378765106201172, -18.633426666259766, -17.888090133666992, -17.14275360107422, -16.397417068481445, -15.652079582214355, -14.906743049621582, -14.161405563354492, -13.416069030761719, -12.670731544494629, -11.925395011901855, -11.180057525634766, -10.434720993041992, -9.689383506774902, -8.944046974182129, -8.198710441589355, -7.453372955322266, -6.708035945892334, -5.962698936462402, -5.217362403869629, -4.472025394439697, -3.7266881465911865, -2.981351375579834, -2.2360143661499023, -1.4906773567199707, -0.7453404068946838, -3.4570634852570947e-06]}, {"_type": "histogram", "values": [1, 0, 0, 0, 0, 0, 1, 0, 0, 0, 0, 0, 0, 0, 0, 0, 0, 0, 1, 0, 0, 1, 1, 3, 1, 1, 3, 6, 0, 2, 4, 15], "bins": [-15.949374198913574, -15.450974464416504, -14.952573776245117, -14.454174041748047, -13.95577335357666, -13.45737361907959, -12.95897388458252, -12.460573196411133, -11.962173461914062, -11.463773727416992, -10.965373039245605, -10.466973304748535, -9.968572616577148, -9.470172882080078, -8.971773147583008, -8.473372459411621, -7.974972724914551, -7.476572513580322, -6.978172302246094, -6.479772567749023, -5.981372356414795, -5.482972145080566, -4.984571933746338, -4.486172199249268, -3.98777174949646, -3.4893717765808105, -2.990971565246582, -2.4925715923309326, -1.9941715002059937, -1.4957714080810547, -0.997371256351471, -0.49897119402885437, -0.0005710878176614642]}, [-12.51608657836914, -23.361133575439453, -10.568685531616211, -9.844887733459473, -11.010069847106934, -7.378863334655762, -4.0690836906433105, -1.39448082447052, -3.0068469047546387, -1.2757965326309204, -7.109004974365234, -11.354321479797363, -1.122033715248108, -24.135053634643555, -8.086568832397461, -0.04041881486773491, -5.478758811950684, -13.290536880493164, -0.05417735129594803, -4.91152286529541, -4.077814102172852, -0.013848294503986835, -0.2029317170381546, -0.43547406792640686, -0.7715224027633667, -0.13249292969703674, -4.229105472564697, -1.8273956775665283, -0.23604387044906616, -17.65807342529297, -7.9857378005981445, -0.011279035359621048]], "objective/ref_logprobs": [{"_type": "histogram", "values": [1, 0, 0, 0, 0, 0, 1, 0, 0, 0, 0, 0, 0, 1, 0, 0, 0, 0, 3, 0, 0, 0, 0, 0, 0, 3, 3, 4, 4, 3, 3, 16], "bins": [-16.722869873046875, -16.200281143188477, -15.677691459655762, -15.155101776123047, -14.632512092590332, -14.109923362731934, -13.587333679199219, -13.064743995666504, -12.542154312133789, -12.01956558227539, -11.496975898742676, -10.974386215209961, -10.451797485351562, -9.929207801818848, -9.406618118286133, -8.884029388427734, -8.36143970489502, -7.838850021362305, -7.316260814666748, -6.793671131134033, -6.271081924438477, -5.74849271774292, -5.225903034210205, -4.703313827514648, -4.180724143981934, -3.658134937286377, -3.135545492172241, -2.6129560470581055, -2.090366840362549, -1.567777395248413, -1.0451879501342773, -0.5225985646247864, -9.179073458653875e-06]}, {"_type": "histogram", "values": [2, 0, 0, 0, 0, 0, 0, 0, 1, 0, 1, 1, 0, 0, 0, 0, 1, 1, 0, 1, 0, 0, 1, 0, 3, 2, 0, 2, 1, 2, 1, 13],